{
  "episode_id": "t300_s110_multi_steer_00003",
  "scenario_family": "multi_steer",
  "split": "val",
  "context_steps": 128,
  "dt_s": 0.01,
  "rollout_steps": 5183,
  "metrics": {
    "vel_body_x_mps": 0.33641446430898714,
    "vel_body_y_mps": 0.0848714834404377,
    "roll_rad": 0.001379966323921021,
    "pitch_rad": 0.00047923210829416856,
    "roll_rate_radps": 0.004650591019421128,
    "ang_vel_body_y_radps": 0.004233744514252366,
    "yaw_rate_radps": 0.01819344027204849,
    "tire_fl_force_wheel_fz_n": 175.96896921048324,
    "tire_fr_force_wheel_fz_n": 190.04129896551433,
    "tire_rl_force_wheel_fz_n": 212.55164813522384,
    "tire_rr_force_wheel_fz_n": 196.49429460546685,
    "tire_fl_spindle_omega_radps": 1.0475211355767389,
    "tire_fr_spindle_omega_radps": 0.8532641147191579,
    "tire_rl_spindle_omega_radps": 2.4497052307304776,
    "tire_rr_spindle_omega_radps": 2.048927501090295,
    "xy_rmse_m": 10.413430242669575,
    "yaw_rmse_rad": 0.061552415562802214
  },
  "plot_path": "/home/harry/NeDM/artifacts/training_runs/hmmwv_transformer_v07_tire_normal_force_omega_300g/plots/random_val_overlays_n20_seed_20260525/t300_s110_multi_steer_00003_overlay.png"
}