{
  "episode_id": "t300_s006_sustained_turn_00013",
  "scenario_family": "sustained_turn",
  "split": "val",
  "context_steps": 128,
  "dt_s": 0.01,
  "rollout_steps": 4495,
  "metrics": {
    "vel_body_x_mps": 0.42549762553595827,
    "vel_body_y_mps": 0.04941538518711029,
    "roll_rad": 0.0005430625731993371,
    "pitch_rad": 0.00031129776436253164,
    "roll_rate_radps": 0.0041787362025774875,
    "ang_vel_body_y_radps": 0.005179984917717075,
    "yaw_rate_radps": 0.008439179071691262,
    "tire_fl_force_wheel_fz_n": 79.51099017490444,
    "tire_fr_force_wheel_fz_n": 131.3227476962769,
    "tire_rl_force_wheel_fz_n": 124.64259059657337,
    "tire_rr_force_wheel_fz_n": 79.57281269083839,
    "tire_fl_spindle_omega_radps": 1.0278374243660469,
    "tire_fr_spindle_omega_radps": 0.8034041086719075,
    "tire_rl_spindle_omega_radps": 1.8940134500994745,
    "tire_rr_spindle_omega_radps": 1.9074520636018524,
    "xy_rmse_m": 18.198334603040433,
    "yaw_rmse_rad": 0.05432478861305186
  },
  "plot_path": "/home/harry/NeDM/artifacts/training_runs/hmmwv_transformer_v07_tire_normal_force_omega_300g/plots/random_val_overlays_n20_seed_20260525/t300_s006_sustained_turn_00013_overlay.png"
}