{
  "episode_id": "t300_s046_sine_steer_00034",
  "scenario_family": "sine_steer",
  "split": "val",
  "context_steps": 128,
  "dt_s": 0.01,
  "rollout_steps": 3373,
  "metrics": {
    "vel_body_x_mps": 0.39747632720920506,
    "vel_body_y_mps": 0.04629690359396668,
    "roll_rad": 0.0008783048897769936,
    "pitch_rad": 0.0003679956592627259,
    "roll_rate_radps": 0.004738838865899544,
    "ang_vel_body_y_radps": 0.004190914377789102,
    "yaw_rate_radps": 0.009425202591260238,
    "tire_fl_force_wheel_fz_n": 105.05086658525241,
    "tire_fr_force_wheel_fz_n": 135.85427049783897,
    "tire_rl_force_wheel_fz_n": 154.9545107140318,
    "tire_rr_force_wheel_fz_n": 128.29047241514078,
    "tire_fl_spindle_omega_radps": 0.5577278094286632,
    "tire_fr_spindle_omega_radps": 0.6514640175653045,
    "tire_rl_spindle_omega_radps": 1.277508226356969,
    "tire_rr_spindle_omega_radps": 1.0432490282966043,
    "xy_rmse_m": 14.153395476549965,
    "yaw_rmse_rad": 0.06216096002918105
  },
  "plot_path": "/home/harry/NeDM/artifacts/training_runs/hmmwv_transformer_v07_tire_normal_force_omega_300g/plots/random_val_overlays_n20_seed_20260525/t300_s046_sine_steer_00034_overlay.png"
}