{
  "episode_id": "t300_s000_multi_steer_00042",
  "scenario_family": "multi_steer",
  "split": "val",
  "context_steps": 128,
  "dt_s": 0.01,
  "rollout_steps": 4945,
  "metrics": {
    "vel_body_x_mps": 0.38367914853574014,
    "vel_body_y_mps": 0.04303638867509903,
    "roll_rad": 0.001843590713936575,
    "pitch_rad": 0.0008549124100062411,
    "roll_rate_radps": 0.012292181104179775,
    "ang_vel_body_y_radps": 0.009751535846958271,
    "yaw_rate_radps": 0.024480279293121538,
    "tire_fl_force_wheel_fz_n": 223.79324826444162,
    "tire_fr_force_wheel_fz_n": 312.1801237867331,
    "tire_rl_force_wheel_fz_n": 338.52815614066725,
    "tire_rr_force_wheel_fz_n": 246.74092086893492,
    "tire_fl_spindle_omega_radps": 1.5209109752466956,
    "tire_fr_spindle_omega_radps": 1.4385971360649963,
    "tire_rl_spindle_omega_radps": 2.0429576632780555,
    "tire_rr_spindle_omega_radps": 2.240207023420376,
    "xy_rmse_m": 1.9813106034212844,
    "yaw_rmse_rad": 0.055646098735097384
  },
  "plot_path": "/home/harry/NeDM/artifacts/training_runs/hmmwv_transformer_v07_tire_normal_force_omega_300g/plots/random_val_overlays_n20_seed_20260525/t300_s000_multi_steer_00042_overlay.png"
}