{
  "episode_id": "t300_s059_multi_steer_00020",
  "scenario_family": "multi_steer",
  "split": "val",
  "context_steps": 128,
  "dt_s": 0.01,
  "rollout_steps": 3464,
  "metrics": {
    "vel_body_x_mps": 0.3418721688308508,
    "vel_body_y_mps": 0.11067516848833742,
    "roll_rad": 0.0019426364552222444,
    "pitch_rad": 0.0009467082716662364,
    "roll_rate_radps": 0.014018250009992031,
    "ang_vel_body_y_radps": 0.010588553470419837,
    "yaw_rate_radps": 0.03469012452412202,
    "tire_fl_force_wheel_fz_n": 192.29786465273088,
    "tire_fr_force_wheel_fz_n": 317.26401170791496,
    "tire_rl_force_wheel_fz_n": 352.49392725265494,
    "tire_rr_force_wheel_fz_n": 244.17986134712257,
    "tire_fl_spindle_omega_radps": 2.591384912448425,
    "tire_fr_spindle_omega_radps": 2.515643954946057,
    "tire_rl_spindle_omega_radps": 1.6375342183505421,
    "tire_rr_spindle_omega_radps": 1.4271571379276673,
    "xy_rmse_m": 15.192568839706428,
    "yaw_rmse_rad": 0.1988593299975374
  },
  "plot_path": "/home/harry/NeDM/artifacts/training_runs/hmmwv_transformer_v07_tire_normal_force_omega_300g/plots/random_val_overlays_n20_seed_20260525/t300_s059_multi_steer_00020_overlay.png"
}