{
  "episode_id": "t300_s003_sine_steer_00003",
  "scenario_family": "sine_steer",
  "split": "val",
  "context_steps": 128,
  "dt_s": 0.01,
  "rollout_steps": 5716,
  "metrics": {
    "vel_body_x_mps": 0.7136861882186447,
    "vel_body_y_mps": 0.09050984794820562,
    "roll_rad": 0.0011929186821811827,
    "pitch_rad": 0.0006566020831161981,
    "roll_rate_radps": 0.0046927734572377285,
    "ang_vel_body_y_radps": 0.004923421591264304,
    "yaw_rate_radps": 0.011672955556618651,
    "tire_fl_force_wheel_fz_n": 144.24363612478714,
    "tire_fr_force_wheel_fz_n": 187.27314401363054,
    "tire_rl_force_wheel_fz_n": 202.43309079792266,
    "tire_rr_force_wheel_fz_n": 165.7870315909842,
    "tire_fl_spindle_omega_radps": 1.3775957488275743,
    "tire_fr_spindle_omega_radps": 1.3743352149940011,
    "tire_rl_spindle_omega_radps": 1.1864052293708518,
    "tire_rr_spindle_omega_radps": 1.0607587908205907,
    "xy_rmse_m": 34.21054767561643,
    "yaw_rmse_rad": 0.08567374295628635
  },
  "plot_path": "/home/harry/NeDM/artifacts/training_runs/hmmwv_transformer_v07_tire_normal_force_omega_300g/plots/random_val_overlays_n20_seed_20260525/t300_s003_sine_steer_00003_overlay.png"
}