{
  "episode_id": "t300_s106_doublet_steer_00005",
  "scenario_family": "doublet_steer",
  "split": "val",
  "context_steps": 128,
  "dt_s": 0.01,
  "rollout_steps": 4043,
  "metrics": {
    "vel_body_x_mps": 0.9891561322239114,
    "vel_body_y_mps": 0.07046209091877645,
    "roll_rad": 0.0006284797408136068,
    "pitch_rad": 0.001086579118446335,
    "roll_rate_radps": 0.004111907906352826,
    "ang_vel_body_y_radps": 0.005969555445106614,
    "yaw_rate_radps": 0.0058503786576860175,
    "tire_fl_force_wheel_fz_n": 86.79931786616326,
    "tire_fr_force_wheel_fz_n": 172.910669449213,
    "tire_rl_force_wheel_fz_n": 155.46163614377664,
    "tire_rr_force_wheel_fz_n": 99.32109878602078,
    "tire_fl_spindle_omega_radps": 1.3626720302364874,
    "tire_fr_spindle_omega_radps": 1.4215641729982753,
    "tire_rl_spindle_omega_radps": 0.8858487402639849,
    "tire_rr_spindle_omega_radps": 1.3437734202628369,
    "xy_rmse_m": 19.733973700640682,
    "yaw_rmse_rad": 0.05172264280751906
  },
  "plot_path": "/home/harry/NeDM/artifacts/training_runs/hmmwv_transformer_v07_tire_normal_force_omega_300g/plots/random_val_overlays_n20_seed_20260525/t300_s106_doublet_steer_00005_overlay.png"
}