{
  "episode_id": "t300_s126_doublet_steer_00021",
  "scenario_family": "doublet_steer",
  "split": "val",
  "context_steps": 128,
  "dt_s": 0.01,
  "rollout_steps": 4222,
  "metrics": {
    "vel_body_x_mps": 0.666218656765278,
    "vel_body_y_mps": 0.05836370529312842,
    "roll_rad": 0.0006464842761391164,
    "pitch_rad": 0.000862731819159993,
    "roll_rate_radps": 0.0028204185511801353,
    "ang_vel_body_y_radps": 0.0044164481519967155,
    "yaw_rate_radps": 0.005637031663861483,
    "tire_fl_force_wheel_fz_n": 72.29936205739475,
    "tire_fr_force_wheel_fz_n": 137.8219455379839,
    "tire_rl_force_wheel_fz_n": 137.51165433564168,
    "tire_rr_force_wheel_fz_n": 92.29020232566673,
    "tire_fl_spindle_omega_radps": 0.6072828618278857,
    "tire_fr_spindle_omega_radps": 0.6088929103362147,
    "tire_rl_spindle_omega_radps": 0.83725449394052,
    "tire_rr_spindle_omega_radps": 0.6284983953244551,
    "xy_rmse_m": 19.3011611193897,
    "yaw_rmse_rad": 0.06104166949805675
  },
  "plot_path": "/home/harry/NeDM/artifacts/training_runs/hmmwv_transformer_v07_tire_normal_force_omega_300g/plots/random_val_overlays_n20_seed_20260525/t300_s126_doublet_steer_00021_overlay.png"
}