{
  "episode_id": "t300_s024_multi_steer_00024",
  "scenario_family": "multi_steer",
  "split": "val",
  "context_steps": 128,
  "dt_s": 0.01,
  "rollout_steps": 4864,
  "metrics": {
    "vel_body_x_mps": 0.7442543163206432,
    "vel_body_y_mps": 0.03733623952837229,
    "roll_rad": 0.001706956813884424,
    "pitch_rad": 0.0011704454442973537,
    "roll_rate_radps": 0.010427177896658446,
    "ang_vel_body_y_radps": 0.010564244667527726,
    "yaw_rate_radps": 0.023492494029524455,
    "tire_fl_force_wheel_fz_n": 206.8080424119188,
    "tire_fr_force_wheel_fz_n": 336.6421505100037,
    "tire_rl_force_wheel_fz_n": 334.2693875267372,
    "tire_rr_force_wheel_fz_n": 222.91230233266623,
    "tire_fl_spindle_omega_radps": 1.9713219690822026,
    "tire_fr_spindle_omega_radps": 1.9549547093601463,
    "tire_rl_spindle_omega_radps": 1.563855841795479,
    "tire_rr_spindle_omega_radps": 1.7424519427991343,
    "xy_rmse_m": 6.42861948146723,
    "yaw_rmse_rad": 0.04452500791050955
  },
  "plot_path": "/home/harry/NeDM/artifacts/training_runs/hmmwv_transformer_v07_tire_normal_force_omega_300g/plots/random_val_overlays_n20_seed_20260525/t300_s024_multi_steer_00024_overlay.png"
}