{
  "episode_id": "t300_s014_sine_steer_00037",
  "scenario_family": "sine_steer",
  "split": "val",
  "context_steps": 128,
  "dt_s": 0.01,
  "rollout_steps": 3368,
  "metrics": {
    "vel_body_x_mps": 0.40786632533410394,
    "vel_body_y_mps": 0.14008967178079312,
    "roll_rad": 0.0018088818696297155,
    "pitch_rad": 0.0004114527581748873,
    "roll_rate_radps": 0.009410056368811197,
    "ang_vel_body_y_radps": 0.004436768845483625,
    "yaw_rate_radps": 0.023420763745755878,
    "tire_fl_force_wheel_fz_n": 216.91451369145403,
    "tire_fr_force_wheel_fz_n": 231.2941089689705,
    "tire_rl_force_wheel_fz_n": 281.0339447913721,
    "tire_rr_force_wheel_fz_n": 281.59403957647964,
    "tire_fl_spindle_omega_radps": 0.8974093317546893,
    "tire_fr_spindle_omega_radps": 0.9236283197130335,
    "tire_rl_spindle_omega_radps": 0.8479461174301587,
    "tire_rr_spindle_omega_radps": 0.6882588576658955,
    "xy_rmse_m": 4.845755475709757,
    "yaw_rmse_rad": 0.020907074712087543
  },
  "plot_path": "/home/harry/NeDM/artifacts/training_runs/hmmwv_transformer_v07_tire_normal_force_omega_300g/plots/random_val_overlays_n20_seed_20260525/t300_s014_sine_steer_00037_overlay.png"
}