{
  "episode_id": "t300_s010_doublet_steer_00014",
  "scenario_family": "doublet_steer",
  "split": "val",
  "context_steps": 128,
  "dt_s": 0.01,
  "rollout_steps": 3889,
  "metrics": {
    "vel_body_x_mps": 0.5350962417260254,
    "vel_body_y_mps": 0.04180873536571821,
    "roll_rad": 0.0006383497060725069,
    "pitch_rad": 0.0006020257021549377,
    "roll_rate_radps": 0.003118616359125546,
    "ang_vel_body_y_radps": 0.0041532979627582406,
    "yaw_rate_radps": 0.0055464442185107115,
    "tire_fl_force_wheel_fz_n": 67.23024439728559,
    "tire_fr_force_wheel_fz_n": 116.47357952154857,
    "tire_rl_force_wheel_fz_n": 116.58240446675475,
    "tire_rr_force_wheel_fz_n": 80.494188940103,
    "tire_fl_spindle_omega_radps": 0.9340422442866763,
    "tire_fr_spindle_omega_radps": 0.8421151959976917,
    "tire_rl_spindle_omega_radps": 1.4308801897864103,
    "tire_rr_spindle_omega_radps": 1.5651953528356939,
    "xy_rmse_m": 12.599195036833578,
    "yaw_rmse_rad": 0.03568922793878319
  },
  "plot_path": "/home/harry/NeDM/artifacts/training_runs/hmmwv_transformer_v07_tire_normal_force_omega_300g/plots/random_val_overlays_n20_seed_20260525/t300_s010_doublet_steer_00014_overlay.png"
}