{
  "split": "val",
  "seed": 20260405,
  "num_episodes": 10,
  "episode_ids": [
    "chirp_steer_00144",
    "chirp_steer_00309",
    "chirp_steer_00422",
    "doublet_steer_00019",
    "sine_steer_00431",
    "steer_brake_00416",
    "steer_brake_00813",
    "step_steer_00203",
    "step_steer_00210",
    "step_steer_00491"
  ],
  "checkpoint_a": "/home/harry/NeDM/artifacts/training_runs/hmmwv_transformer_v1/checkpoints/best_val.pt",
  "checkpoint_b": "/home/harry/NeDM/artifacts/training_runs/hmmwv_transformer_v2_block64/checkpoints/best_val.pt",
  "checkpoint_a_epoch": 17,
  "checkpoint_b_epoch": 20,
  "aggregate": {
    "xy_rmse_m": {
      "model_a_avg": 0.7409287981688977,
      "model_b_avg": 1.1478729501366616,
      "delta_b_minus_a": 0.4069441519677639,
      "relative_change_pct": 54.92351666900648,
      "model_b_improved_episodes": 5,
      "total_episodes": 10
    },
    "yaw_rmse_rad": {
      "model_a_avg": 0.009281869139522314,
      "model_b_avg": 0.010238177597057075,
      "delta_b_minus_a": 0.0009563084575347613,
      "relative_change_pct": 10.302972851263203,
      "model_b_improved_episodes": 4,
      "total_episodes": 10
    },
    "vel_body_x_mps": {
      "model_a_avg": 0.3047587562352419,
      "model_b_avg": 0.3704479567706585,
      "delta_b_minus_a": 0.0656892005354166,
      "relative_change_pct": 21.554491607358905,
      "model_b_improved_episodes": 4,
      "total_episodes": 10
    },
    "vel_body_y_mps": {
      "model_a_avg": 0.0069459017366170885,
      "model_b_avg": 0.007737600104883313,
      "delta_b_minus_a": 0.0007916983682662243,
      "relative_change_pct": 11.398064618343,
      "model_b_improved_episodes": 5,
      "total_episodes": 10
    },
    "yaw_rate_radps": {
      "model_a_avg": 0.007984104566276073,
      "model_b_avg": 0.008173101814463735,
      "delta_b_minus_a": 0.00018899724818766117,
      "relative_change_pct": 2.3671689995890524,
      "model_b_improved_episodes": 5,
      "total_episodes": 10
    }
  },
  "episodes": [
    {
      "episode_id": "chirp_steer_00144",
      "scenario_family": "chirp_steer",
      "model_a": {
        "vel_body_x_mps": 0.3755775988101959,
        "vel_body_y_mps": 0.009359685704112053,
        "roll_rad": 0.0006262584356591105,
        "pitch_rad": 0.0015998127637431026,
        "roll_rate_radps": 0.0035550964530557394,
        "ang_vel_body_y_radps": 0.0020795671734958887,
        "yaw_rate_radps": 0.005773209501057863,
        "xy_rmse_m": 0.33016446232795715,
        "yaw_rmse_rad": 0.02163657546043396
      },
      "model_b": {
        "vel_body_x_mps": 1.358190655708313,
        "vel_body_y_mps": 0.01238117553293705,
        "roll_rad": 0.0011008462170138955,
        "pitch_rad": 0.0018812497146427631,
        "roll_rate_radps": 0.0036120403092354536,
        "ang_vel_body_y_radps": 0.0029204979073256254,
        "yaw_rate_radps": 0.009642680175602436,
        "xy_rmse_m": 3.613084316253662,
        "yaw_rmse_rad": 0.008906007744371891
      },
      "delta_b_minus_a": {
        "vel_body_x_mps": 0.9826130568981171,
        "vel_body_y_mps": 0.003021489828824997,
        "roll_rad": 0.00047458778135478497,
        "pitch_rad": 0.0002814369508996606,
        "roll_rate_radps": 5.69438561797142e-05,
        "ang_vel_body_y_radps": 0.0008409307338297367,
        "yaw_rate_radps": 0.003869470674544573,
        "xy_rmse_m": 3.282919853925705,
        "yaw_rmse_rad": -0.012730567716062069
      },
      "model_b_improved": {
        "vel_body_x_mps": false,
        "vel_body_y_mps": false,
        "roll_rad": false,
        "pitch_rad": false,
        "roll_rate_radps": false,
        "ang_vel_body_y_radps": false,
        "yaw_rate_radps": false,
        "xy_rmse_m": false,
        "yaw_rmse_rad": true
      }
    },
    {
      "episode_id": "chirp_steer_00309",
      "scenario_family": "chirp_steer",
      "model_a": {
        "vel_body_x_mps": 0.20733048021793365,
        "vel_body_y_mps": 0.0047826399095356464,
        "roll_rad": 0.00047630409244447947,
        "pitch_rad": 0.0006357154925353825,
        "roll_rate_radps": 0.006937669590115547,
        "ang_vel_body_y_radps": 0.008978712372481823,
        "yaw_rate_radps": 0.00607977295294404,
        "xy_rmse_m": 0.31921860575675964,
        "yaw_rmse_rad": 0.0033724408131092787
      },
      "model_b": {
        "vel_body_x_mps": 0.26876094937324524,
        "vel_body_y_mps": 0.0043403091840445995,
        "roll_rad": 0.0006867567426525056,
        "pitch_rad": 0.0007699786801822484,
        "roll_rate_radps": 0.0114403385668993,
        "ang_vel_body_y_radps": 0.01454756036400795,
        "yaw_rate_radps": 0.005868860054761171,
        "xy_rmse_m": 0.3982594311237335,
        "yaw_rmse_rad": 0.006779232528060675
      },
      "delta_b_minus_a": {
        "vel_body_x_mps": 0.061430469155311584,
        "vel_body_y_mps": -0.0004423307254910469,
        "roll_rad": 0.00021045265020802617,
        "pitch_rad": 0.00013426318764686584,
        "roll_rate_radps": 0.0045026689767837524,
        "ang_vel_body_y_radps": 0.005568847991526127,
        "yaw_rate_radps": -0.00021091289818286896,
        "xy_rmse_m": 0.07904082536697388,
        "yaw_rmse_rad": 0.003406791714951396
      },
      "model_b_improved": {
        "vel_body_x_mps": false,
        "vel_body_y_mps": true,
        "roll_rad": false,
        "pitch_rad": false,
        "roll_rate_radps": false,
        "ang_vel_body_y_radps": false,
        "yaw_rate_radps": true,
        "xy_rmse_m": false,
        "yaw_rmse_rad": false
      }
    },
    {
      "episode_id": "chirp_steer_00422",
      "scenario_family": "chirp_steer",
      "model_a": {
        "vel_body_x_mps": 0.34170013666152954,
        "vel_body_y_mps": 0.007192851509898901,
        "roll_rad": 0.0007163865957409143,
        "pitch_rad": 0.0009170591365545988,
        "roll_rate_radps": 0.00911693274974823,
        "ang_vel_body_y_radps": 0.010221273638308048,
        "yaw_rate_radps": 0.010386532172560692,
        "xy_rmse_m": 0.7109518647193909,
        "yaw_rmse_rad": 0.005427060183137655
      },
      "model_b": {
        "vel_body_x_mps": 0.6368879079818726,
        "vel_body_y_mps": 0.015435980632901192,
        "roll_rad": 0.0014514366630464792,
        "pitch_rad": 0.0015693120658397675,
        "roll_rate_radps": 0.013124060817062855,
        "ang_vel_body_y_radps": 0.015120377764105797,
        "yaw_rate_radps": 0.013542385771870613,
        "xy_rmse_m": 2.8569414615631104,
        "yaw_rmse_rad": 0.007434706203639507
      },
      "delta_b_minus_a": {
        "vel_body_x_mps": 0.295187771320343,
        "vel_body_y_mps": 0.00824312912300229,
        "roll_rad": 0.0007350500673055649,
        "pitch_rad": 0.0006522529292851686,
        "roll_rate_radps": 0.004007128067314625,
        "ang_vel_body_y_radps": 0.0048991041257977486,
        "yaw_rate_radps": 0.0031558535993099213,
        "xy_rmse_m": 2.1459895968437195,
        "yaw_rmse_rad": 0.002007646020501852
      },
      "model_b_improved": {
        "vel_body_x_mps": false,
        "vel_body_y_mps": false,
        "roll_rad": false,
        "pitch_rad": false,
        "roll_rate_radps": false,
        "ang_vel_body_y_radps": false,
        "yaw_rate_radps": false,
        "xy_rmse_m": false,
        "yaw_rmse_rad": false
      }
    },
    {
      "episode_id": "doublet_steer_00019",
      "scenario_family": "doublet_steer",
      "model_a": {
        "vel_body_x_mps": 0.13499121367931366,
        "vel_body_y_mps": 0.003697281936183572,
        "roll_rad": 0.0008826939156278968,
        "pitch_rad": 0.00090066745178774,
        "roll_rate_radps": 0.014385252259671688,
        "ang_vel_body_y_radps": 0.01583213359117508,
        "yaw_rate_radps": 0.010516446083784103,
        "xy_rmse_m": 0.744935154914856,
        "yaw_rmse_rad": 0.0034781971480697393
      },
      "model_b": {
        "vel_body_x_mps": 0.2079739272594452,
        "vel_body_y_mps": 0.003916118759661913,